C0/date,C0/min,C0/max,C0/mean,C0/stDev,C0/sampleCount,C0/noDataCount,C0/median,C0/p10,C0/p90
2018-03-23T00:00:00.000Z,-16.885208129882812,-7.5348615646362305,-13.065272120364554,1.065862168633392,97022,73609,-13.072280883789062,-14.382343292236328,-11.836288452148438
2018-04-04T00:00:00.000Z,-17.28449249267578,-7.110940933227539,-13.19298301221506,1.0777631204448495,97022,73609,-13.201807975769043,-14.546928405761719,-11.898578643798828
2018-04-16T00:00:00.000Z,-16.464195251464844,-7.263199806213379,-13.051531451752325,0.9482728647707063,97022,73609,-13.041083335876465,-14.205581665039062,-11.944120407104492
2018-04-22T00:00:00.000Z,-16.7692813873291,-7.558656692504883,-13.112168790030065,0.9466919235638027,97022,73609,-13.109331130981445,-14.280241012573242,-12.022746086120605
2018-04-28T00:00:00.000Z,-16.85407066345215,-7.333561420440674,-13.019824594647499,0.9787391865796903,97022,73609,-13.01469898223877,-14.222358703613281,-11.894299507141113
2018-05-04T00:00:00.000Z,-16.311050415039062,-6.688198566436768,-11.416122039624211,0.9577402970421381,97022,73609,-11.387770652770996,-12.61161994934082,-10.245387077331543
2018-05-10T00:00:00.000Z,-22.166574478149414,-8.909651756286621,-14.128053562270415,1.1941219189966823,97022,73609,-14.038415908813477,-15.55945110321045,-12.791818618774414
2018-05-22T00:00:00.000Z,-19.332090377807617,-4.7913923263549805,-9.952427792466628,2.0574903868323604,97022,73609,-9.521781921386719,-12.896807670593262,-7.701966285705566
2018-05-28T00:00:00.000Z,-19.95191764831543,-5.908766269683838,-10.585654094004985,2.325703514686657,97022,73609,-10.055305480957031,-13.646240234375,-8.215997695922852
2018-06-03T00:00:00.000Z,-19.86385726928711,-4.6362199783325195,-9.298201147089294,2.01795325734384,97022,73609,-8.885525703430176,-12.132582664489746,-7.207001209259033
2018-06-09T00:00:00.000Z,-19.640657424926758,-4.66649866104126,-9.112760349955954,1.6650900931359105,97022,73609,-8.854439735412598,-11.351991653442383,-7.296054363250732
2018-06-15T00:00:00.000Z,-18.238941192626953,-4.418377876281738,-9.164443997160102,1.555603672472725,97022,73609,-8.97148609161377,-11.171534538269043,-7.409262180328369
2018-06-21T00:00:00.000Z,-24.763072967529297,-4.552478313446045,-9.690476785866768,1.7775869289399513,97022,73609,-9.441925048828125,-11.900630950927734,-7.839158058166504
2018-06-27T00:00:00.000Z,-18.433340072631836,-4.479266166687012,-10.002445065348486,1.7094185634054833,97022,73609,-9.799880027770996,-12.221142768859863,-8.138931274414062
2018-07-03T00:00:00.000Z,-22.30834197998047,-4.992751598358154,-9.977579043115535,1.7457149482358842,97022,73609,-9.766021728515625,-12.025482177734375,-8.119837760925293
2018-07-09T00:00:00.000Z,-18.408849716186523,-5.217514514923096,-10.553660639703068,1.6527837570912567,97022,73609,-10.441110610961914,-12.526622772216797,-8.665307998657227
2018-07-15T00:00:00.000Z,-26.065147399902344,-4.967297077178955,-10.194135614224127,1.8835166812326611,97022,73609,-9.960533142089844,-12.156673431396484,-8.29849910736084
2018-07-21T00:00:00.000Z,-18.54791831970215,-4.501585006713867,-9.63271787127592,1.7170137103564136,97022,73609,-9.39950180053711,-11.602150917053223,-7.828048229217529
2018-07-27T00:00:00.000Z,-19.45284080505371,-4.93483829498291,-9.857581916177349,1.68806930724114,97022,73609,-9.68293285369873,-11.832345008850098,-7.974171161651611
2018-08-02T00:00:00.000Z,-22.02133560180664,-5.189583778381348,-10.729846146188912,1.8105235949928116,97022,73609,-10.567753791809082,-12.885242462158203,-8.716670989990234
2018-08-08T00:00:00.000Z,-24.436729431152344,-5.509220600128174,-10.703313728697122,1.7837718125591429,97022,73609,-10.582670211791992,-12.746027946472168,-8.707084655761719
2018-08-14T00:00:00.000Z,-28.118215560913086,-5.78947639465332,-11.277102062806359,1.8363440224527496,97022,73609,-11.227644920349121,-13.298539161682129,-9.155285835266113
2018-08-20T00:00:00.000Z,-23.99686050415039,-4.997067451477051,-9.370999190847428,1.7158310255462035,97022,73609,-9.107051849365234,-11.27567195892334,-7.721604347229004
2018-08-26T00:00:00.000Z,-26.760435104370117,-5.563642501831055,-10.317570128017449,1.8120027601664623,97022,73609,-10.072314262390137,-12.310531616210938,-8.479616165161133
2018-09-01T00:00:00.000Z,-22.657878875732422,-3.8247408866882324,-8.753104730504349,2.0493456113605233,97022,73609,-8.353644371032715,-11.027290344238281,-6.856996536254883
2018-09-07T00:00:00.000Z,-27.78046417236328,-5.019791603088379,-10.68892872571303,1.8152245478949676,97022,73609,-10.506742477416992,-12.502415657043457,-8.925788879394531
2018-09-13T00:00:00.000Z,-21.65011215209961,-6.189963340759277,-12.503747376363897,1.6280135459669847,97022,73609,-12.44748592376709,-14.417196273803711,-10.568796157836914
2018-09-19T00:00:00.000Z,-23.9843807220459,-6.346246719360352,-14.096974707605069,1.6882154891260255,97022,73609,-14.157756805419922,-15.976130485534668,-12.10047721862793
2018-09-25T00:00:00.000Z,-24.816444396972656,-4.860025882720947,-9.801335642187397,2.149844510850063,97022,73609,-9.28029727935791,-12.77291202545166,-7.624167442321777
2018-10-01T00:00:00.000Z,-25.038818359375,-7.473810195922852,-15.05861416658545,1.770761873189024,97022,73609,-15.143067359924316,-16.922046661376953,-13.022932052612305
2018-10-07T00:00:00.000Z,-24.117900848388672,-8.088274002075195,-15.47279194584306,1.6751086203792294,97022,73609,-15.583125114440918,-17.232772827148438,-13.44350814819336
2018-10-13T00:00:00.000Z,-18.787324905395508,-5.716675281524658,-11.446054105873184,1.304002327915172,97022,73609,-11.347526550292969,-13.196822166442871,-9.874014854431152
2018-10-19T00:00:00.000Z,-24.382970809936523,-6.284642219543457,-14.918827355577536,1.8440097478908006,97022,73609,-14.94810676574707,-16.93024444580078,-12.8381929397583
2018-10-25T00:00:00.000Z,-25.569974899291992,-7.7163214683532715,-13.932593925899527,1.6332394085530817,97022,73609,-13.912395477294922,-15.812868118286133,-12.047493934631348
2018-10-31T00:00:00.000Z,-21.288238525390625,-9.08590030670166,-14.343579212461202,1.3227927382972846,97022,73609,-14.34300422668457,-15.839583396911621,-12.83777141571045
2018-11-06T00:00:00.000Z,-20.626506805419922,-8.27968978881836,-13.943601944198662,1.3145746690726985,97022,73609,-13.94887924194336,-15.356231689453125,-12.489477157592773
2018-11-12T00:00:00.000Z,-21.802648544311523,-7.702871799468994,-14.273978998887744,1.4781546553668459,97022,73609,-14.18277645111084,-16.091781616210938,-12.706942558288574
2018-11-30T00:00:00.000Z,-21.762264251708984,-7.507380962371826,-14.798350727075029,1.531069624591733,97022,73609,-14.79312515258789,-16.507095336914062,-13.113758087158203
2018-12-12T00:00:00.000Z,-20.455289840698242,-8.167379379272461,-14.683893272166252,1.3917664830885847,97022,73609,-14.657570838928223,-16.36347198486328,-13.126742362976074
2018-12-24T00:00:00.000Z,-17.395750045776367,-6.685460567474365,-12.982591583305904,1.4470914742988863,97022,73609,-13.066096305847168,-14.765143394470215,-11.063727378845215
2018-12-30T00:00:00.000Z,-18.0290470123291,-7.023472785949707,-13.544560571963855,1.2346714753384072,97022,73609,-13.613542556762695,-15.032000541687012,-11.995808601379395
2019-01-05T00:00:00.000Z,-17.311622619628906,-6.8124847412109375,-13.548368229990563,1.2246368495055058,97022,73609,-13.614068984985352,-15.01785659790039,-11.981673240661621
2019-01-11T00:00:00.000Z,-17.87137222290039,-7.337601661682129,-13.534121007079797,1.2034346997194585,97022,73609,-13.573427200317383,-15.014123916625977,-12.040901184082031
2019-01-17T00:00:00.000Z,-17.686613082885742,-7.3671088218688965,-13.448303935600437,1.2263356539724404,97022,73609,-13.462630271911621,-14.989941596984863,-11.929544448852539
2019-01-23T00:00:00.000Z,-17.61090660095215,-7.021658420562744,-13.405082793633595,1.1757745966948194,97022,73609,-13.431964874267578,-14.85444450378418,-11.95790958404541
2019-01-29T00:00:00.000Z,-18.655508041381836,-6.877181529998779,-13.575842150363687,1.2006541946563607,97022,73609,-13.595038414001465,-15.073906898498535,-12.111583709716797
2019-02-04T00:00:00.000Z,-18.288190841674805,-7.635847568511963,-13.765544061184626,1.1921884507459675,97022,73609,-13.78785514831543,-15.245885848999023,-12.27677059173584
2019-02-10T00:00:00.000Z,-18.23768424987793,-7.367343902587891,-13.645044109005028,1.218057434416893,97022,73609,-13.667350769042969,-15.176090240478516,-12.120169639587402
2019-02-16T00:00:00.000Z,-18.719226837158203,-7.6309895515441895,-13.818066404706249,1.1988684889024006,97022,73609,-13.842826843261719,-15.30759334564209,-12.313047409057617
2019-02-28T00:00:00.000Z,-18.27181053161621,-6.513895034790039,-13.541558979241117,1.1747163248112884,97022,73609,-13.555779457092285,-15.025253295898438,-12.073591232299805
2019-03-06T00:00:00.000Z,-17.925426483154297,-6.910300254821777,-13.503460559699151,1.2070071816088344,97022,73609,-13.527704238891602,-15.046100616455078,-12.002549171447754
2019-03-12T00:00:00.000Z,-18.191844940185547,-7.022736549377441,-13.463946438719589,1.179600181877318,97022,73609,-13.46772289276123,-14.939019203186035,-12.014422416687012
2019-03-18T00:00:00.000Z,-18.2183837890625,-7.332010746002197,-13.685543751393785,1.2083171796715582,97022,73609,-13.695915222167969,-15.172989845275879,-12.217070579528809
2019-03-24T00:00:00.000Z,-17.76675796508789,-7.672684669494629,-13.201378896113965,1.091930816740936,97022,73609,-13.172630310058594,-14.597867012023926,-11.885870933532715
2019-03-30T00:00:00.000Z,-18.3558349609375,-7.512655735015869,-13.165621804940553,1.1064645155760986,97022,73609,-13.152494430541992,-14.617576599121094,-11.832533836364746
2019-04-05T00:00:00.000Z,-17.49293327331543,-7.4124579429626465,-13.115639668763917,1.104062078219814,97022,73609,-13.112269401550293,-14.510787010192871,-11.790732383728027
2019-04-11T00:00:00.000Z,-18.066238403320312,-7.012593746185303,-13.365858663026078,1.102983098690467,97022,73609,-13.334691047668457,-14.785330772399902,-12.059659004211426
2019-04-17T00:00:00.000Z,-16.77869987487793,-7.7985734939575195,-12.968606807999016,0.9087763832303812,97022,73609,-12.940666198730469,-14.102991104125977,-11.865008354187012
2019-04-23T00:00:00.000Z,-15.73841667175293,-5.059669017791748,-12.54765018779135,1.0632239189853339,97022,73609,-12.59477710723877,-13.820403099060059,-11.261017799377441
2019-04-29T00:00:00.000Z,-18.743093490600586,-8.294734001159668,-13.57579006739576,1.2456002052820625,97022,73609,-13.52672004699707,-15.138505935668945,-12.048218727111816
2019-05-05T00:00:00.000Z,-15.658470153808594,-5.565876007080078,-12.642838996065537,1.089196508717197,97022,73609,-12.672333717346191,-13.938469886779785,-11.416671752929688
2019-05-11T00:00:00.000Z,-15.677791595458984,-5.7769598960876465,-12.274990024863225,1.1372492411551558,97022,73609,-12.331903457641602,-13.660869598388672,-10.972018241882324
2019-05-17T00:00:00.000Z,-19.57158088684082,-8.983969688415527,-14.190297695805578,1.3818565192500678,97022,73609,-14.166035652160645,-15.965462684631348,-12.438118934631348
2019-05-23T00:00:00.000Z,-16.08875846862793,-5.206005573272705,-10.032817384207323,1.6590785702632764,97022,73609,-10.08615779876709,-12.069165229797363,-7.780641078948975
2019-05-29T00:00:00.000Z,-18.123767852783203,-8.004249572753906,-13.10030296575614,1.3012519426742424,97022,73609,-13.089192390441895,-14.800955772399902,-11.489813804626465
2019-06-04T00:00:00.000Z,-20.175125122070312,-7.580700874328613,-14.268081414838527,2.2385333321194714,97022,73609,-14.336596488952637,-17.171266555786133,-11.24720573425293
2019-06-10T00:00:00.000Z,-21.6855525970459,-5.812856197357178,-11.511086281608716,2.4232460435990046,97022,73609,-11.107987403869629,-14.96741771697998,-8.712350845336914
2019-06-16T00:00:00.000Z,-16.568218231201172,-4.653167724609375,-8.80946919903092,1.6578987061580848,97022,73609,-8.528341293334961,-11.03460693359375,-7.042328834533691
2019-06-22T00:00:00.000Z,-18.30295181274414,-4.406011581420898,-9.362986942126325,1.8397346395388148,97022,73609,-9.059391021728516,-11.559921264648438,-7.482696533203125
2019-06-28T00:00:00.000Z,-17.585140228271484,-4.591625213623047,-9.526096167173563,1.5787067351820065,97022,73609,-9.365232467651367,-11.582892417907715,-7.722294330596924
2019-07-04T00:00:00.000Z,-26.31969451904297,-5.191723823547363,-10.06852731088424,1.9519547234714503,97022,73609,-9.792793273925781,-12.350746154785156,-8.098938941955566
2019-07-10T00:00:00.000Z,-12.882330894470215,-5.74336576461792,-9.78395556125055,1.4111134240375827,97022,96015,-10.004263877868652,-11.590688705444336,-7.6749348640441895
2019-07-16T00:00:00.000Z,-21.30891990661621,-4.99412202835083,-10.94984226451243,1.768404273520277,97022,73609,-10.89565658569336,-13.065485954284668,-8.82444953918457
2019-07-22T00:00:00.000Z,-18.904495239257812,-5.547060966491699,-11.138793404748991,1.7341679609196443,97022,73609,-11.128215789794922,-13.227675437927246,-8.935234069824219
2019-07-28T00:00:00.000Z,-26.950471878051758,-6.002701282501221,-11.571112372876966,1.7929932009098564,97022,73609,-11.566107749938965,-13.655633926391602,-9.392698287963867
2019-08-03T00:00:00.000Z,-26.579345703125,-5.784083843231201,-11.660427778690662,1.944098938915662,97022,73609,-11.67094612121582,-13.834415435791016,-9.29190731048584
2019-08-09T00:00:00.000Z,-27.520740509033203,-6.034614562988281,-12.38430152456492,2.1165557880970485,97022,73609,-12.442205429077148,-14.711058616638184,-9.7344331741333
2019-08-15T00:00:00.000Z,-25.208663940429688,-5.109394073486328,-10.621602712149803,1.582508327132239,97022,73609,-10.616097450256348,-12.128162384033203,-8.917587280273438
2019-08-21T00:00:00.000Z,-24.532018661499023,-4.805285453796387,-9.690371332757985,1.489681572365171,97022,73609,-9.583656311035156,-11.209357261657715,-8.115941047668457
2019-08-27T00:00:00.000Z,-19.855655670166016,-5.663553714752197,-11.253972159208724,1.7706386770461406,97022,73609,-11.27751350402832,-13.518050193786621,-8.958799362182617
2019-09-02T00:00:00.000Z,-27.016956329345703,-5.35831356048584,-9.538234070395951,1.7147159973626398,97022,73609,-9.36621379852295,-11.143346786499023,-7.894277572631836
2019-09-08T00:00:00.000Z,-24.171798706054688,-5.14683723449707,-10.170385739450277,1.4916856979825972,97022,73609,-10.112420082092285,-11.765517234802246,-8.522161483764648
2019-09-14T00:00:00.000Z,-16.855876922607422,-4.778969764709473,-9.253626611493184,1.4817398425400714,97022,73609,-9.048054695129395,-11.091360092163086,-7.643884181976318
2019-09-20T00:00:00.000Z,-24.19884490966797,-6.652495384216309,-13.084028110191378,1.6340509722479346,97022,73609,-13.120011329650879,-14.919197082519531,-11.162240028381348
2019-09-26T00:00:00.000Z,-25.84744644165039,-4.565856456756592,-10.1217420569287,1.5725158878437095,97022,73609,-10.018460273742676,-11.79053783416748,-8.422697067260742
2019-10-02T00:00:00.000Z,-24.30205535888672,-6.956035137176514,-13.67812883977634,1.5568328979888877,97022,73609,-13.685672760009766,-15.41288948059082,-11.934219360351562
2019-10-08T00:00:00.000Z,-19.473867416381836,-7.2229323387146,-12.640418610975834,1.288028453527186,97022,73609,-12.571532249450684,-14.160012245178223,-11.214739799499512
2019-10-14T00:00:00.000Z,-23.377168655395508,-6.88743782043457,-13.542115340487205,1.3631638167698825,97022,73609,-13.503862380981445,-14.950072288513184,-12.081238746643066
2019-10-20T00:00:00.000Z,-22.784029006958008,-6.775132656097412,-13.927272549770462,1.3729591838511896,97022,73609,-13.887782096862793,-15.36341667175293,-12.461567878723145
2019-10-26T00:00:00.000Z,-21.24452781677246,-6.9188947677612305,-13.963222150407894,1.3185054431705518,97022,73609,-13.967401504516602,-15.373559951782227,-12.5160493850708
2019-11-01T00:00:00.000Z,-19.549983978271484,-6.94577693939209,-14.317109446541219,1.3347003559801252,97022,73609,-14.347626686096191,-15.836831092834473,-12.848099708557129
2019-11-07T00:00:00.000Z,-19.200902938842773,-7.093926429748535,-13.963455461638048,1.2258352908165213,97022,73609,-13.990272521972656,-15.35236644744873,-12.583747863769531
2019-11-13T00:00:00.000Z,-19.889097213745117,-7.259757995605469,-14.541588801206906,1.3052693502276373,97022,73609,-14.562570571899414,-16.00422477722168,-13.012331008911133
2019-11-19T00:00:00.000Z,-19.060720443725586,-7.5230021476745605,-14.383746925842406,1.2607223498032112,97022,73609,-14.412626266479492,-15.821346282958984,-12.887859344482422
2019-11-25T00:00:00.000Z,-20.32491111755371,-7.626597881317139,-14.6338571325573,1.3133023653999323,97022,73609,-14.709455490112305,-16.08852767944336,-13.095624923706055
2019-12-01T00:00:00.000Z,-18.867847442626953,-6.990366458892822,-14.199570570100738,1.1960016644564853,97022,73609,-14.249833106994629,-15.597475051879883,-12.88234806060791
2019-12-07T00:00:00.000Z,-19.917221069335938,-7.622514247894287,-14.517575181350805,1.2524222563643355,97022,73609,-14.562567710876465,-15.950570106506348,-13.09115982055664
2019-12-13T00:00:00.000Z,-19.760465621948242,-7.274553298950195,-14.222329902673344,1.2139188044700566,97022,73609,-14.264570236206055,-15.548206329345703,-12.85490608215332
2019-12-19T00:00:00.000Z,-19.79050064086914,-6.984469413757324,-14.212972458081142,1.257825312201982,97022,73609,-14.215044975280762,-15.586424827575684,-12.837443351745605
2019-12-25T00:00:00.000Z,-19.562541961669922,-7.419382095336914,-14.389558534052314,1.222409603877172,97022,73609,-14.434706687927246,-15.744160652160645,-13.016420364379883
2019-12-31T00:00:00.000Z,-20.164443969726562,-7.123253345489502,-14.32219572852991,1.264221809316715,97022,73609,-14.366215705871582,-15.763777732849121,-12.921656608581543
2020-01-06T00:00:00.000Z,-19.438217163085938,-7.275713920593262,-13.968066282194561,1.2351547504111497,97022,73609,-13.99311351776123,-15.361222267150879,-12.597554206848145
2020-01-12T00:00:00.000Z,-19.9929256439209,-7.267421245574951,-14.172708025207983,1.281243713499596,97022,73609,-14.203947067260742,-15.635188102722168,-12.747330665588379
2020-01-18T00:00:00.000Z,-19.82018280029297,-7.493768215179443,-14.003720566356016,1.2754314390127148,97022,73609,-14.001836776733398,-15.536938667297363,-12.568743705749512
2020-01-24T00:00:00.000Z,-19.627986907958984,-7.196866989135742,-14.089096592852773,1.2816757916382748,97022,73609,-14.082893371582031,-15.570198059082031,-12.676726341247559
2020-01-30T00:00:00.000Z,-19.60790252685547,-7.530742168426514,-14.092174219218473,1.2426553185882787,97022,73609,-14.098207473754883,-15.529458999633789,-12.71949291229248
2020-02-05T00:00:00.000Z,-20.965547561645508,-7.086793422698975,-14.200048320689502,1.3509211008086057,97022,73609,-14.190689086914062,-15.788269996643066,-12.700647354125977
2020-02-11T00:00:00.000Z,-19.942424774169922,-7.598986625671387,-14.172185031666949,1.254156483089768,97022,73609,-14.183396339416504,-15.619561195373535,-12.756136894226074
2020-02-17T00:00:00.000Z,-20.500288009643555,-7.6982245445251465,-14.29461508270152,1.3365946142348073,97022,73609,-14.27811050415039,-15.8640775680542,-12.811471939086914
2020-02-23T00:00:00.000Z,-19.61060905456543,-7.130940914154053,-14.148858453036661,1.313258065882279,97022,73609,-14.115264892578125,-15.721532821655273,-12.677679061889648
2020-02-29T00:00:00.000Z,-20.72068977355957,-7.050261497497559,-14.147972537457711,1.4289849192018234,97022,73609,-14.06348705291748,-15.878227233886719,-12.568869590759277
2020-03-06T00:00:00.000Z,-20.339996337890625,-7.527530193328857,-14.286201298661986,1.3338597527092892,97022,73609,-14.272822380065918,-15.84067440032959,-12.812958717346191
2020-03-12T00:00:00.000Z,-20.705596923828125,-6.912886619567871,-14.224354565894629,1.4298951908743778,97022,73609,-14.146432876586914,-15.965959548950195,-12.663884162902832
2020-03-18T00:00:00.000Z,-20.3687744140625,-7.401317596435547,-14.051453070664422,1.3942091395448837,97022,73609,-14.004911422729492,-15.74906063079834,-12.527290344238281
2020-03-24T00:00:00.000Z,-20.12164878845215,-7.589339256286621,-14.195322133544437,1.3400251597122272,97022,73609,-14.199832916259766,-15.759410858154297,-12.681364059448242
2020-03-30T00:00:00.000Z,-20.189006805419922,-7.711428642272949,-14.250709212473494,1.3350493014145897,97022,73609,-14.215410232543945,-15.817378997802734,-12.757962226867676
2020-04-05T00:00:00.000Z,-20.565210342407227,-7.626158237457275,-14.219347623107994,1.3887464409856878,97022,73609,-14.208806037902832,-15.871681213378906,-12.674223899841309
2020-04-11T00:00:00.000Z,-19.777170181274414,-7.787040710449219,-14.081769446054139,1.3740227861907939,97022,73609,-14.06921100616455,-15.73031234741211,-12.532553672790527
2020-04-17T00:00:00.000Z,-19.45259666442871,-7.855072498321533,-14.385788083193564,1.278006749804418,97022,73609,-14.459807395935059,-15.86868667602539,-12.900391578674316
2020-04-23T00:00:00.000Z,-19.157499313354492,-7.752400875091553,-13.967328408616444,1.2515827568468216,97022,73609,-14.003035545349121,-15.404109001159668,-12.53958797454834
2020-04-29T00:00:00.000Z,-17.255962371826172,-7.037742614746094,-13.61648919398763,1.277056885110311,97022,73609,-13.714088439941406,-15.186378479003906,-11.932855606079102
2020-05-05T00:00:00.000Z,-16.863140106201172,-6.822070598602295,-12.411954364064623,1.0801532865988304,97022,73609,-12.376379013061523,-13.758687973022461,-11.169224739074707
2020-05-11T00:00:00.000Z,-19.613101959228516,-7.357522964477539,-12.654805152148292,1.4380981568912734,97022,73609,-12.478142738342285,-14.038039207458496,-11.20586109161377
2020-05-17T00:00:00.000Z,-17.613697052001953,-7.164825439453125,-12.02922471770311,1.0691543364898441,97022,73609,-12.093344688415527,-13.223058700561523,-10.753681182861328
2020-05-23T00:00:00.000Z,-20.43531608581543,-6.601089954376221,-13.328478993270984,2.6365332842975904,97022,73609,-13.104788780212402,-17.14838409423828,-9.921045303344727
2020-05-29T00:00:00.000Z,-25.690725326538086,-4.652028560638428,-9.30116869148415,2.1150935497621366,97022,73609,-8.831891059875488,-11.89671802520752,-7.350425720214844
2020-06-04T00:00:00.000Z,-19.7185001373291,-4.212593078613281,-8.552444327276234,1.7933244221171347,97022,73609,-8.176932334899902,-10.747081756591797,-6.796358108520508
2020-06-10T00:00:00.000Z,-18.109031677246094,-4.436530590057373,-8.784460062637121,1.5717584160408167,97022,73609,-8.509063720703125,-10.79136848449707,-7.134922027587891
2020-06-16T00:00:00.000Z,-23.343656539916992,-4.252871990203857,-8.756572638359193,1.5407471677734146,97022,73609,-8.51075267791748,-10.640374183654785,-7.176983833312988
2020-06-22T00:00:00.000Z,-20.925445556640625,-4.726880073547363,-9.722084434509135,1.6871139543600628,97022,73609,-9.509523391723633,-11.764250755310059,-7.96218204498291
2020-06-28T00:00:00.000Z,-19.901575088500977,-4.807763576507568,-10.20689341727957,1.6744852218052384,97022,73609,-10.042289733886719,-12.237494468688965,-8.371240615844727
2020-07-04T00:00:00.000Z,-24.677228927612305,-4.97583532333374,-10.168452154142495,1.7006577210376006,97022,73609,-10.031989097595215,-11.99565601348877,-8.358750343322754
2020-07-10T00:00:00.000Z,-18.548355102539062,-4.571197509765625,-10.047633934188019,1.5661498178762012,97022,73609,-9.97301959991455,-11.853440284729004,-8.24828052520752
2020-07-16T00:00:00.000Z,-20.853940963745117,-5.449594497680664,-11.075722795434352,1.7377320042436621,97022,73609,-11.038780212402344,-13.196036338806152,-9.026487350463867
2020-07-22T00:00:00.000Z,-26.576824188232422,-4.289806365966797,-9.907706759717598,1.9579375384525155,97022,73609,-9.671764373779297,-11.583595275878906,-8.09842300415039
2020-07-28T00:00:00.000Z,-22.824819564819336,-5.632064342498779,-10.90280021700798,1.7493702836973,97022,73609,-10.797237396240234,-13.036499977111816,-8.878280639648438
2020-08-03T00:00:00.000Z,-27.228055953979492,-5.885532379150391,-11.622042631362625,2.0820364803395,97022,73609,-11.58798599243164,-13.942928314208984,-9.207510948181152
2020-08-09T00:00:00.000Z,-25.519237518310547,-5.7553606033325195,-11.262898064339929,1.820851346629019,97022,73609,-11.193999290466309,-13.425240516662598,-9.12352466583252
2020-08-15T00:00:00.000Z,-18.413362503051758,-2.4705097675323486,-8.106120979211095,1.9478868986121483,97022,73609,-7.725603103637695,-10.490030288696289,-6.237958908081055
2020-08-21T00:00:00.000Z,-24.64808464050293,-4.8282151222229,-9.300657264986665,1.7567738376145783,97022,73609,-9.042470932006836,-11.159343719482422,-7.604033946990967
2020-08-27T00:00:00.000Z,-19.438217163085938,-4.37624454498291,-9.783817851863638,1.5404468759262084,97022,73609,-9.661284446716309,-11.50733470916748,-8.12585735321045
2020-09-02T00:00:00.000Z,-21.11738395690918,-4.865617275238037,-9.872289458450656,1.6562895375990152,97022,73609,-9.69692325592041,-11.717744827270508,-8.143292427062988
2020-09-02T00:00:00.000Z,-21.11738395690918,-4.865617275238037,-9.872289458450656,1.6562895375990152,97022,73609,-9.69692325592041,-11.717744827270508,-8.143292427062988
2020-09-08T00:00:00.000Z,-25.790218353271484,-4.468545436859131,-9.895061834280206,1.8988818017530769,97022,73609,-9.559301376342773,-12.354087829589844,-7.927804946899414
2020-09-14T00:00:00.000Z,-23.81085777282715,-4.94614839553833,-9.623075441543675,1.6510205720660969,97022,73609,-9.449179649353027,-11.415182113647461,-7.925054550170898
2020-09-20T00:00:00.000Z,-27.2830867767334,-4.918294429779053,-9.413942299052971,1.7885264945942827,97022,73609,-9.217016220092773,-11.22233772277832,-7.681386470794678
2020-09-26T00:00:00.000Z,-25.719926834106445,-6.848979473114014,-14.154162302706764,1.5398575929742069,97022,73609,-14.204834938049316,-15.894705772399902,-12.455750465393066
2020-10-02T00:00:00.000Z,-25.772035598754883,-5.997890949249268,-11.542442378069907,1.6172737517596711,97022,73609,-11.438904762268066,-13.40531063079834,-9.768406867980957
2020-10-08T00:00:00.000Z,-25.97997283935547,-4.890873432159424,-12.202789641524427,2.119483508425804,97022,73609,-12.095304489135742,-14.581680297851562,-9.736776351928711
2020-10-14T00:00:00.000Z,-24.781240463256836,-6.289672374725342,-13.191936355121332,1.7016151867684637,97022,73609,-13.06320858001709,-14.921453475952148,-11.490835189819336
2020-10-20T00:00:00.000Z,-23.896337509155273,-6.19384765625,-14.694302627187184,1.724840172681881,97022,73609,-14.74457836151123,-16.412342071533203,-12.781576156616211
2020-10-26T00:00:00.000Z,-23.52995491027832,-6.0979228019714355,-14.925835095796854,1.8369318707122744,97022,73609,-15.064611434936523,-16.758398056030273,-12.916245460510254
2020-11-01T00:00:00.000Z,-22.741498947143555,-6.74899959564209,-15.480760016303035,1.765339772801296,97022,73609,-15.676536560058594,-17.24964714050293,-13.406669616699219
2020-11-07T00:00:00.000Z,-24.71747589111328,-6.84715461730957,-15.49293013773378,1.7157460854762046,97022,73609,-15.681297302246094,-17.212955474853516,-13.486817359924316
2020-11-13T00:00:00.000Z,-21.859113693237305,-6.1057586669921875,-11.983353099396167,1.808012730547628,97022,73609,-11.827393531799316,-14.315227508544922,-9.87873649597168
2020-11-19T00:00:00.000Z,-20.264612197875977,-6.295019626617432,-14.464211412075505,1.5179628395672624,97022,73609,-14.569140434265137,-16.06418800354004,-12.657094955444336
2020-11-25T00:00:00.000Z,-20.3612060546875,-8.008625030517578,-14.91358666286992,1.403940307949683,97022,73609,-14.926687240600586,-16.525691986083984,-13.32430648803711
2020-12-01T00:00:00.000Z,-19.159320831298828,-7.269723415374756,-14.363769544630673,1.2515043280123717,97022,73609,-14.39178466796875,-15.813663482666016,-12.966133117675781
2020-12-07T00:00:00.000Z,-18.990737915039062,-8.259293556213379,-14.710019446700354,1.2145684760018762,97022,73609,-14.74499797821045,-16.120182037353516,-13.331583976745605
2020-12-13T00:00:00.000Z,-19.51115608215332,-8.330424308776855,-14.520754916427801,1.247703009230849,97022,73609,-14.499815940856934,-15.991715431213379,-13.113973617553711
2020-12-19T00:00:00.000Z,-18.59687042236328,-8.100236892700195,-14.341479012169186,1.1459168965422202,97022,73609,-14.344937324523926,-15.654841423034668,-13.035247802734375
2020-12-25T00:00:00.000Z,-18.887283325195312,-7.634230136871338,-14.28408413277951,1.1569645735111656,97022,73609,-14.31334114074707,-15.6061372756958,-12.966371536254883
2020-12-31T00:00:00.000Z,-18.99528694152832,-8.373519897460938,-14.634523033927762,1.1640926356338437,97022,73609,-14.666302680969238,-16.004072189331055,-13.27632999420166
2021-01-06T00:00:00.000Z,-16.65774154663086,-7.628054141998291,-13.536138622019378,1.0039453391098039,97022,73609,-13.508410453796387,-14.828362464904785,-12.403072357177734
2021-01-12T00:00:00.000Z,-17.397592544555664,-7.862585067749023,-13.842571784851888,1.0291200094022799,97022,73609,-13.803557395935059,-15.153824806213379,-12.671015739440918
2021-01-18T00:00:00.000Z,-16.883556365966797,-7.518646717071533,-13.440106039711582,1.0271477947205518,97022,73609,-13.413662910461426,-14.748332977294922,-12.269347190856934
2021-01-24T00:00:00.000Z,-17.509014129638672,-7.634828567504883,-13.662029097642648,1.0336470586121136,97022,73609,-13.623082160949707,-14.968122482299805,-12.47391414642334
2021-01-30T00:00:00.000Z,-17.14979362487793,-7.448047637939453,-13.297594780629312,1.0389392031386115,97022,73609,-13.272638320922852,-14.657097816467285,-12.115930557250977
2021-02-05T00:00:00.000Z,-17.390975952148438,-8.175514221191406,-13.88854456695326,1.0333355462155287,97022,73609,-13.844971656799316,-15.218870162963867,-12.711150169372559
2021-02-11T00:00:00.000Z,-17.143016815185547,-7.523647785186768,-13.434275556546455,1.0263966706081296,97022,73609,-13.394761085510254,-14.75417709350586,-12.27798843383789
2021-02-17T00:00:00.000Z,-17.554283142089844,-8.46170425415039,-13.871310915161036,1.0138316410415857,97022,73609,-13.846929550170898,-15.154474258422852,-12.701300621032715
2021-03-01T00:00:00.000Z,-16.93238067626953,-8.107074737548828,-13.48831364849128,0.9973594812174341,97022,73609,-13.460579872131348,-14.781170845031738,-12.330107688903809
2021-03-07T00:00:00.000Z,-16.924518585205078,-7.486363410949707,-12.962518048806704,1.0086741852377228,97022,73609,-12.916389465332031,-14.28073501586914,-11.812990188598633
2021-03-13T00:00:00.000Z,-17.055591583251953,-7.981583118438721,-13.449498506509414,0.9932193482881404,97022,73609,-13.435770034790039,-14.767398834228516,-12.294482231140137
2021-03-19T00:00:00.000Z,-17.161865234375,-7.412569046020508,-13.175853986434168,1.005389146662555,97022,73609,-13.150019645690918,-14.500468254089355,-12.024057388305664
2021-03-25T00:00:00.000Z,-16.82591438293457,-8.139145851135254,-13.19677495050122,1.007786124815789,97022,73609,-13.145970344543457,-14.47627067565918,-12.03616714477539
2021-03-31T00:00:00.000Z,-16.910062789916992,-7.859858512878418,-13.190545348198873,1.0320652131830048,97022,73609,-13.162439346313477,-14.505852699279785,-12.006255149841309
2021-04-06T00:00:00.000Z,-17.26080894470215,-8.213593482971191,-13.515792919387508,1.0260086674019475,97022,73609,-13.49592113494873,-14.801511764526367,-12.341853141784668
2021-04-12T00:00:00.000Z,-16.837059020996094,-8.05378532409668,-13.313985073474313,1.0174531118178245,97022,73609,-13.276422500610352,-14.612605094909668,-12.138777732849121
2021-04-18T00:00:00.000Z,-17.31613540649414,-7.599078178405762,-13.550050238208952,1.0008840826675582,97022,73609,-13.54084300994873,-14.790385246276855,-12.374689102172852
2021-04-30T00:00:00.000Z,-18.45429039001465,-7.901954650878906,-12.80254870361663,1.05029577537696,97022,73609,-12.77119255065918,-14.154325485229492,-11.580757141113281
2021-05-06T00:00:00.000Z,-17.75962257385254,-7.113317966461182,-12.45127092535859,1.0668477468799489,97022,73609,-12.431724548339844,-13.787936210632324,-11.180118560791016
2021-05-12T00:00:00.000Z,-17.46979331970215,-7.418095111846924,-12.792022024210906,1.0417008807206003,97022,73609,-12.77579116821289,-14.087756156921387,-11.530672073364258
2021-05-18T00:00:00.000Z,-17.70805549621582,-7.448321342468262,-12.670897896529214,1.0548126933852675,97022,73609,-12.667640686035156,-14.004842758178711,-11.40035343170166
2021-05-24T00:00:00.000Z,-16.39116096496582,-7.454322814941406,-12.759736876544162,1.0295034215741472,97022,73609,-12.74398136138916,-14.036138534545898,-11.52741813659668
2021-05-30T00:00:00.000Z,-20.96619987487793,-8.212211608886719,-16.021163079340727,1.7328889771103322,97022,73609,-15.925679206848145,-18.37807273864746,-13.943808555603027
2021-06-05T00:00:00.000Z,-20.43105125427246,-7.132142543792725,-14.713867569144877,2.1341078300813026,97022,73609,-15.045594215393066,-17.179805755615234,-11.650562286376953
2021-06-11T00:00:00.000Z,-22.775833129882812,-5.35169792175293,-10.84060292088567,2.5823404935981333,97022,73609,-10.35544204711914,-14.421064376831055,-8.003670692443848
2021-06-17T00:00:00.000Z,-19.408910751342773,-4.417913436889648,-9.00506640321719,1.6577840354071784,97022,73609,-8.70655632019043,-11.137015342712402,-7.245179176330566
2021-06-23T00:00:00.000Z,-16.25030517578125,-3.8409345149993896,-8.538948234527947,1.5436407364650455,97022,73609,-8.289971351623535,-10.548409461975098,-6.894137859344482
2021-06-29T00:00:00.000Z,-22.542688369750977,-4.252181053161621,-9.302183012570667,1.6562116786696925,97022,73609,-9.078374862670898,-11.393874168395996,-7.519899368286133
2021-07-05T00:00:00.000Z,-18.582698822021484,-3.9257919788360596,-9.443970989611735,1.6585705624047367,97022,73609,-9.2487154006958,-11.526023864746094,-7.626484394073486
2021-07-11T00:00:00.000Z,-22.85249137878418,-4.459339141845703,-10.036639063115821,1.691598924193962,97022,73609,-9.873669624328613,-12.07300090789795,-8.181788444519043
2021-07-17T00:00:00.000Z,-27.196001052856445,-4.670205593109131,-10.344677027992907,2.019511737347072,97022,73609,-10.083616256713867,-12.632730484008789,-8.249844551086426
2021-07-23T00:00:00.000Z,-19.50963592529297,-4.643039226531982,-10.403430492514548,1.6499743792950987,97022,73609,-10.283523559570312,-12.443761825561523,-8.532221794128418
2021-07-29T00:00:00.000Z,-26.771717071533203,-5.020802021026611,-11.064178329303676,2.008665485374727,97022,73609,-10.91798210144043,-13.322697639465332,-8.8450927734375
2021-08-04T00:00:00.000Z,-22.592485427856445,-5.282581806182861,-11.00187628507378,1.6575211094370423,97022,73609,-10.971270561218262,-13.01601505279541,-8.983009338378906
2021-08-10T00:00:00.000Z,-26.40666389465332,-5.0533599853515625,-11.422090094800225,1.9757058207109903,97022,73609,-11.400496482849121,-13.593804359436035,-9.124710083007812
2021-08-16T00:00:00.000Z,-18.40984535217285,-5.816531181335449,-11.393089863835847,1.7802709373065855,97022,73609,-11.398469924926758,-13.61412239074707,-9.141514778137207
2021-08-22T00:00:00.000Z,-19.71504020690918,-5.082920074462891,-11.282419734521959,1.9073283846538545,97022,73609,-11.238532066345215,-13.681522369384766,-8.947232246398926
2021-08-28T00:00:00.000Z,-20.226966857910156,-5.822041988372803,-10.65752290992025,1.4228616798161247,97022,73609,-10.695089340209961,-12.318514823913574,-8.88686752319336
2021-09-03T00:00:00.000Z,-26.9960994720459,-5.975612163543701,-11.884991805851651,2.092129312296895,97022,73609,-11.815484046936035,-14.37735366821289,-9.402741432189941
2021-09-09T00:00:00.000Z,-26.03678321838379,-5.721378326416016,-11.623159837077162,1.930424439828114,97022,73609,-11.581295013427734,-13.831838607788086,-9.334124565124512
2021-09-15T00:00:00.000Z,-24.993425369262695,-5.883542537689209,-12.666426285539377,1.9848623587211605,97022,73609,-12.783285140991211,-14.976415634155273,-10.120099067687988
2021-09-21T00:00:00.000Z,-24.875932693481445,-4.836248397827148,-9.803626748236823,1.7825984160715518,97022,73609,-9.626608848571777,-11.564737319946289,-8.01370906829834
2021-09-27T00:00:00.000Z,-19.004961013793945,-4.298186779022217,-9.257838810604792,1.5010093576927952,97022,73609,-9.119574546813965,-10.926416397094727,-7.662546157836914
2021-10-03T00:00:00.000Z,-24.78092384338379,-4.8096442222595215,-9.619967792807367,1.626384319136362,97022,73609,-9.483052253723145,-11.220746994018555,-7.987197399139404
2021-10-09T00:00:00.000Z,-26.86787986755371,-6.8483781814575195,-12.85490542674406,1.638956178138369,97022,73609,-12.805680274963379,-14.468792915344238,-11.202392578125
2021-10-15T00:00:00.000Z,-25.622407913208008,-7.457935810089111,-13.539135227656217,1.5893081816855927,97022,73609,-13.507163047790527,-15.138276100158691,-11.88929557800293
2021-10-27T00:00:00.000Z,-21.51645851135254,-7.231873989105225,-14.298242050544436,1.5774011323739356,97022,73609,-14.3808012008667,-16.006784439086914,-12.521788597106934
2021-11-02T00:00:00.000Z,-19.52275848388672,-7.163579940795898,-13.843578356280672,1.4448356334594663,97022,73609,-13.917490005493164,-15.505230903625488,-12.141386985778809
2021-11-08T00:00:00.000Z,-20.21653938293457,-7.09062385559082,-14.321021129405487,1.4245892586293731,97022,73609,-14.393974304199219,-15.98768424987793,-12.649386405944824
2021-11-14T00:00:00.000Z,-19.737998962402344,-7.164632797241211,-13.868169032600115,1.442509181960764,97022,73609,-13.911059379577637,-15.543536186218262,-12.205364227294922
2021-11-20T00:00:00.000Z,-20.20396614074707,-7.709036827087402,-14.336475248405593,1.4034335861463532,97022,73609,-14.414186477661133,-15.911127090454102,-12.68961238861084
2021-12-02T00:00:00.000Z,-20.93955421447754,-7.273002624511719,-14.016241177497099,1.4086752171143093,97022,73609,-14.06709098815918,-15.618206977844238,-12.421916007995605
2021-12-08T00:00:00.000Z,-22.270750045776367,-7.449483871459961,-14.567718290505729,1.4913572086973492,97022,73609,-14.658909797668457,-16.227357864379883,-12.79294204711914
2021-12-14T00:00:00.000Z,-22.105854034423828,-7.747722625732422,-14.889792093446308,1.441719218664096,97022,73609,-15.000624656677246,-16.478065490722656,-13.174537658691406
2021-12-20T00:00:00.000Z,-21.829524993896484,-7.304059028625488,-14.668069206369392,1.4834159010920864,97022,73609,-14.767237663269043,-16.340478897094727,-12.915878295898438
2021-12-26T00:00:00.000Z,-21.202621459960938,-7.863533973693848,-14.797434671591208,1.4191772408419796,97022,73609,-14.882442474365234,-16.377286911010742,-13.140097618103027
2022-01-07T00:00:00.000Z,-21.53410530090332,-7.242203712463379,-14.607683116305243,1.4230162763135092,97022,73609,-14.699736595153809,-16.182039260864258,-12.972758293151855
2022-01-19T00:00:00.000Z,-21.18636131286621,-7.637972831726074,-14.680107027372356,1.3896519244526149,97022,73609,-14.79131031036377,-16.19255828857422,-13.049517631530762
2022-01-31T00:00:00.000Z,-19.969398498535156,-7.567051410675049,-14.657422005470947,1.3322418968228358,97022,73609,-14.789726257324219,-16.086254119873047,-13.035723686218262
2022-02-12T00:00:00.000Z,-20.154603958129883,-8.057988166809082,-14.780618806623187,1.3283627940594271,97022,73609,-14.92846393585205,-16.192453384399414,-13.143831253051758
2022-02-24T00:00:00.000Z,-20.978092193603516,-7.981606483459473,-14.597472913373272,1.3419929580616778,97022,73609,-14.704072952270508,-16.045408248901367,-12.985535621643066
2022-03-08T00:00:00.000Z,-20.145235061645508,-8.455883026123047,-14.80100252288926,1.3214861829655895,97022,73609,-14.950551986694336,-16.24011993408203,-13.223013877868652
2022-03-20T00:00:00.000Z,-15.435541152954102,-7.09564208984375,-12.42989724541765,0.9184126682961259,97022,73609,-12.425644874572754,-13.577826499938965,-11.27994155883789
2022-04-01T00:00:00.000Z,-16.9663143157959,-7.05908727645874,-12.568908132451982,1.0299727404680024,97022,73609,-12.53600788116455,-13.915258407592773,-11.32393741607666
2022-04-13T00:00:00.000Z,-17.076656341552734,-7.197937488555908,-12.490000621127784,1.1034973885275903,97022,73609,-12.441535949707031,-13.91319751739502,-11.162800788879395
2022-05-07T00:00:00.000Z,-17.121601104736328,-7.026806831359863,-12.460766270674661,1.0941499717951513,97022,73609,-12.438993453979492,-13.865489959716797,-11.119221687316895
2022-05-19T00:00:00.000Z,-16.408388137817383,-6.95505952835083,-12.386257876509902,1.1221344213638451,97022,73609,-12.374029159545898,-13.799921035766602,-10.955163955688477
2022-05-31T00:00:00.000Z,-24.617734909057617,-5.49837064743042,-9.772574251100188,2.4088477299189397,97022,73609,-9.10816478729248,-13.199553489685059,-7.477552890777588
2022-06-12T00:00:00.000Z,-18.386524200439453,-4.265436172485352,-8.67791097511299,1.4988083522556528,97022,73609,-8.47242259979248,-10.511414527893066,-7.044157028198242
2022-06-24T00:00:00.000Z,-16.871665954589844,-4.698572635650635,-9.871511707982988,1.505636216696233,97022,73609,-9.776545524597168,-11.845558166503906,-8.072243690490723
2022-07-06T00:00:00.000Z,-25.21550750732422,-5.385719299316406,-10.379537718892681,1.6273495542623364,97022,73609,-10.298864364624023,-12.296684265136719,-8.469703674316406
2022-07-18T00:00:00.000Z,-18.715394973754883,-5.74610710144043,-11.198308944742896,1.7191460730819417,97022,73609,-11.189967155456543,-13.389193534851074,-9.03597354888916
2022-07-30T00:00:00.000Z,-19.935344696044922,-5.225193500518799,-11.388509280209297,1.6535854003048518,97022,73609,-11.459552764892578,-13.324651718139648,-9.36120319366455
2022-08-11T00:00:00.000Z,-19.014799118041992,-6.0669846534729,-11.52657152276191,1.801068418063554,97022,73609,-11.51202392578125,-13.845349311828613,-9.249680519104004
2022-08-23T00:00:00.000Z,-17.44027328491211,-5.405416965484619,-10.509273980676308,1.5847415450201314,97022,73609,-10.43273639678955,-12.46831226348877,-8.64965534210205
2022-09-04T00:00:00.000Z,-19.209205627441406,-5.435739517211914,-10.867313120308376,1.6172156198288221,97022,73609,-10.820948600769043,-12.78127384185791,-8.94664478302002
2022-09-16T00:00:00.000Z,-22.910524368286133,-7.381322860717773,-12.248196654086879,1.3934325142717041,97022,73609,-12.162353515625,-13.822914123535156,-10.760355949401855
2022-09-28T00:00:00.000Z,-24.55584144592285,-5.027958869934082,-10.84934013332724,1.730638995651929,97022,73609,-10.777715682983398,-12.7622709274292,-8.908561706542969
2022-10-10T00:00:00.000Z,-25.81564712524414,-5.193688869476318,-11.88045347425799,1.8299336367518784,97022,73609,-11.900721549987793,-13.809283256530762,-9.736566543579102
2022-10-22T00:00:00.000Z,-21.298683166503906,-7.304150104522705,-14.512931098118445,1.4820615326763056,97022,73609,-14.59048080444336,-16.124666213989258,-12.869253158569336
2022-11-03T00:00:00.000Z,-23.60602378845215,-4.359516620635986,-11.241996490048518,1.8999171073023406,97022,73609,-10.978166580200195,-13.661629676818848,-9.23442268371582
2022-11-15T00:00:00.000Z,-20.987388610839844,-7.41121768951416,-14.437600606163842,1.419772657556647,97022,73609,-14.300152778625488,-16.018449783325195,-13.030672073364258
2022-11-27T00:00:00.000Z,-21.5124454498291,-7.48555326461792,-14.657245396152197,1.635637135335734,97022,73609,-14.597043991088867,-16.62685775756836,-12.868741989135742
2022-12-09T00:00:00.000Z,-19.299402236938477,-6.951972961425781,-14.675846280686336,1.4911087414824997,97022,73609,-14.83756160736084,-16.339296340942383,-12.843404769897461
2022-12-21T00:00:00.000Z,-19.407669067382812,-7.379079818725586,-14.585561077134374,1.4553386813900315,97022,73609,-14.670705795288086,-16.2655029296875,-12.879806518554688
2023-01-02T00:00:00.000Z,-19.42913818359375,-7.865718841552734,-14.740367141307912,1.3396026202909959,97022,73609,-14.775797843933105,-16.27588653564453,-13.177806854248047
2023-01-14T00:00:00.000Z,-19.354419708251953,-7.757801532745361,-14.714465947783138,1.280711126265216,97022,73609,-14.770983695983887,-16.187591552734375,-13.19796371459961
2023-01-26T00:00:00.000Z,-17.200180053710938,-7.8260955810546875,-13.648638498725463,1.0536064053784888,97022,73609,-13.658191680908203,-14.960904121398926,-12.38318157196045
2023-02-07T00:00:00.000Z,-17.660890579223633,-7.940751075744629,-12.92817189204353,1.0089866552006583,97022,73609,-12.826519966125488,-14.251578330993652,-11.784554481506348
2023-02-19T00:00:00.000Z,-17.423397064208984,-8.316557884216309,-12.978674400551798,1.0099833592463232,97022,73609,-12.886624336242676,-14.32985782623291,-11.834553718566895
2023-03-03T00:00:00.000Z,-16.717144012451172,-8.421102523803711,-12.928697741088158,1.0239973614112952,97022,73609,-12.839981079101562,-14.29437255859375,-11.770891189575195
2023-03-15T00:00:00.000Z,-17.042978286743164,-8.376351356506348,-12.865795505269313,1.024431422643103,97022,73609,-12.768943786621094,-14.257176399230957,-11.703235626220703
2023-03-27T00:00:00.000Z,-16.782594680786133,-7.939399242401123,-13.003929618381177,1.0624096698508185,97022,73609,-12.902942657470703,-14.426552772521973,-11.782336235046387
2023-04-08T00:00:00.000Z,-15.544041633605957,-8.343782424926758,-11.794477361140547,0.9847331198797408,97022,73609,-11.6723051071167,-13.088306427001953,-10.646194458007812
2023-04-20T00:00:00.000Z,-14.27876091003418,-6.962453842163086,-9.768590604215708,1.123356898089505,97022,73609,-9.539745330810547,-11.342942237854004,-8.554764747619629
2023-05-02T00:00:00.000Z,-14.342717170715332,-6.022589206695557,-8.956362001319379,1.001456567895921,97022,73609,-8.804281234741211,-10.305891036987305,-7.8413567543029785
2023-05-14T00:00:00.000Z,-14.599634170532227,-7.3199310302734375,-9.548522401710333,0.7314571424411163,97022,73609,-9.486510276794434,-10.336764335632324,-8.751505851745605
2023-05-26T00:00:00.000Z,-21.628612518310547,-7.11494779586792,-14.14556572176902,1.7550950452354468,97022,73609,-14.178339958190918,-16.421630859375,-11.895477294921875
2023-06-07T00:00:00.000Z,-19.551847457885742,-5.320512771606445,-9.967349120147286,1.9477358832546634,97022,73609,-9.608570098876953,-12.549508094787598,-7.920529842376709
2023-06-19T00:00:00.000Z,-16.398942947387695,-4.231934070587158,-9.203172268629471,1.5982254771649331,97022,73609,-8.98541259765625,-11.184125900268555,-7.4535980224609375
2023-07-01T00:00:00.000Z,-25.13275718688965,-5.20290994644165,-10.229822167326619,1.947289861183657,97022,73609,-9.967382431030273,-12.401444435119629,-8.259888648986816
2023-07-13T00:00:00.000Z,-18.461469650268555,-5.862548351287842,-10.986939931004414,1.6340273636237053,97022,73609,-11.008075714111328,-13.001574516296387,-8.935160636901855
2023-07-25T00:00:00.000Z,-26.701570510864258,-6.453725337982178,-11.900088029613817,1.8927840335709365,97022,73609,-11.93231201171875,-14.006733894348145,-9.54873275756836
2023-08-06T00:00:00.000Z,-20.07888412475586,-4.115312576293945,-9.77662310207003,1.9553677468449424,97022,73609,-9.39944839477539,-11.99154281616211,-7.954804420471191
2023-08-18T00:00:00.000Z,-17.151891708374023,-4.731071472167969,-10.492413387169064,1.5154547523640096,97022,73609,-10.371339797973633,-12.340484619140625,-8.790135383605957
2023-08-30T00:00:00.000Z,-24.628725051879883,-4.652401447296143,-10.277586261032562,1.8816056007161255,97022,73609,-10.10429859161377,-12.556497573852539,-8.243439674377441
2023-09-11T00:00:00.000Z,-19.857595443725586,-4.704551696777344,-9.849156001109792,1.6000400427204244,97022,73609,-9.664509773254395,-11.64637279510498,-8.1705961227417
2023-09-23T00:00:00.000Z,-26.461856842041016,-7.200361728668213,-15.124481024656854,1.8002434009686412,97022,73609,-15.275768280029297,-16.832603454589844,-13.137274742126465
2023-10-05T00:00:00.000Z,-23.25567054748535,-7.561701774597168,-15.951182355885988,1.6993080895193229,97022,73609,-16.12843894958496,-17.662899017333984,-13.998207092285156
2023-10-17T00:00:00.000Z,-24.521154403686523,-7.597065448760986,-16.15907880162494,1.6468340514132511,97022,73609,-16.380468368530273,-17.838289260864258,-14.251991271972656
2023-11-10T00:00:00.000Z,-22.625144958496094,-7.599678993225098,-15.600869543125837,1.469729223382729,97022,73609,-15.612299919128418,-17.257287979125977,-14.026216506958008
2023-11-22T00:00:00.000Z,-16.012208938598633,-7.487390518188477,-11.295250177984238,1.325379460152684,97022,73609,-11.224804878234863,-13.010612487792969,-9.652276039123535
2023-12-04T00:00:00.000Z,-19.6102294921875,-7.712958812713623,-14.332920417309857,1.1777770848096847,97022,73609,-14.325305938720703,-15.760265350341797,-13.004080772399902
2023-12-16T00:00:00.000Z,-18.6885986328125,-7.197925090789795,-14.578838039777526,1.1395582794446384,97022,73609,-14.561759948730469,-16.010204315185547,-13.27975082397461
2023-12-28T00:00:00.000Z,-19.561805725097656,-7.418059349060059,-14.526064226619471,1.2141351707611683,97022,73609,-14.493841171264648,-16.063608169555664,-13.148350715637207
2024-01-09T00:00:00.000Z,-19.214292526245117,-7.532883167266846,-14.562552761431737,1.2537078813983054,97022,73609,-14.529051780700684,-16.192514419555664,-13.122723579406738
2024-01-21T00:00:00.000Z,-18.742225646972656,-7.173427104949951,-14.112624148050044,1.311343654528528,97022,73609,-14.050919532775879,-15.822158813476562,-12.594511985778809
2024-02-02T00:00:00.000Z,-17.946496963500977,-7.870010852813721,-13.434186677525927,1.0826423020225497,97022,73609,-13.418078422546387,-14.812054634094238,-12.126330375671387
2024-02-26T00:00:00.000Z,-17.354806900024414,-7.41774845123291,-13.017375221573435,1.0347018156965986,97022,73609,-13.021276473999023,-14.332167625427246,-11.730989456176758
2024-03-09T00:00:00.000Z,-16.83596420288086,-8.261554718017578,-12.864546466290209,1.0188369590712854,97022,73609,-12.851215362548828,-14.193876266479492,-11.627527236938477
2024-03-21T00:00:00.000Z,-16.286548614501953,-7.870286464691162,-12.545032983923381,1.0265861286406597,97022,73609,-12.551629066467285,-13.846979141235352,-11.247475624084473
2024-04-02T00:00:00.000Z,-16.647729873657227,-7.919610500335693,-12.540460828540692,1.0487090233720797,97022,73609,-12.527334213256836,-13.910755157470703,-11.243021011352539
2024-04-14T00:00:00.000Z,-16.346349716186523,-7.649425983428955,-12.479724276912519,0.985496736111247,97022,73609,-12.478219032287598,-13.740736961364746,-11.251750946044922
2024-04-26T00:00:00.000Z,-15.174431800842285,-6.80335807800293,-11.700816454007782,0.9679719091019708,97022,73609,-11.697117805480957,-12.896347999572754,-10.522489547729492
2024-05-08T00:00:00.000Z,-15.625802993774414,-6.320998668670654,-11.54110669095844,0.9952681190186271,97022,73609,-11.503512382507324,-12.799386978149414,-10.362993240356445
2024-05-20T00:00:00.000Z,-15.437137603759766,-6.972411155700684,-10.933414030394864,0.9735899233135116,97022,73609,-10.92162799835205,-12.185009002685547,-9.756534576416016
2024-06-01T00:00:00.000Z,-20.469627380371094,-6.980286598205566,-12.944450487479815,2.174100824136111,97022,73609,-12.940851211547852,-15.838876724243164,-10.008981704711914
2024-06-13T00:00:00.000Z,-19.949851989746094,-4.615535259246826,-9.240003243986756,1.702251387603544,97022,73609,-8.97499942779541,-11.314970016479492,-7.476914405822754
2024-06-25T00:00:00.000Z,-22.369813919067383,-4.745016574859619,-10.074086219371546,1.997472090462396,97022,73609,-9.727948188781738,-12.518279075622559,-8.035469055175781
2024-07-07T00:00:00.000Z,-18.264488220214844,-5.359527587890625,-10.446927937225942,1.6419909550687857,97022,73609,-10.268355369567871,-12.574124336242676,-8.5921630859375
2024-07-19T00:00:00.000Z,-19.533029556274414,-5.214450836181641,-10.577810724659436,1.7109941025677549,97022,73609,-10.40750503540039,-12.775102615356445,-8.693992614746094
2024-07-31T00:00:00.000Z,-25.570085525512695,-5.457941055297852,-10.567547903043335,1.8162395289819808,97022,73609,-10.43608283996582,-12.579492568969727,-8.586533546447754
2024-08-12T00:00:00.000Z,-18.378206253051758,-5.843184471130371,-11.199049636880108,1.7468004403985369,97022,73609,-11.125164985656738,-13.472335815429688,-9.088671684265137
2024-08-24T00:00:00.000Z,-21.668087005615234,-5.025769233703613,-9.864015404908118,1.686807179658436,97022,73609,-9.619682312011719,-11.872389793395996,-8.067633628845215
2024-09-05T00:00:00.000Z,-19.34323501586914,-4.525625228881836,-9.837163781099393,1.6592598669628864,97022,73609,-9.609419822692871,-11.726217269897461,-8.151654243469238
2024-09-17T00:00:00.000Z,-25.181716918945312,-4.047623634338379,-9.578295973544495,2.0982567855089256,97022,73609,-9.18065357208252,-11.797714233398438,-7.663352012634277
2024-09-29T00:00:00.000Z,-24.20627212524414,-7.491786479949951,-14.462856438466183,1.7961803393938338,97022,73609,-14.487093925476074,-16.571779251098633,-12.329504013061523
2024-10-11T00:00:00.000Z,-20.788217544555664,-4.679932594299316,-10.324419570031287,1.6959433982985463,97022,73609,-10.142696380615234,-12.269941329956055,-8.543522834777832
2024-10-23T00:00:00.000Z,-24.482959747314453,-4.115038871765137,-9.24336907895485,2.3244855280624925,97022,73609,-8.669333457946777,-12.18124771118164,-7.207724094390869
2024-11-04T00:00:00.000Z,-23.662569046020508,-7.6455769538879395,-15.093740169329742,1.6407506234650813,97022,73609,-14.924269676208496,-17.166318893432617,-13.35295581817627
2024-11-16T00:00:00.000Z,-21.55637550354004,-7.1065287590026855,-14.244679532515226,1.622457669809248,97022,73609,-14.054438591003418,-16.400781631469727,-12.434433937072754
2024-11-28T00:00:00.000Z,-22.055458068847656,-7.352797985076904,-15.129815245980199,1.626629416168294,97022,73609,-14.959280967712402,-17.18746566772461,-13.340733528137207
2024-12-10T00:00:00.000Z,-21.54737663269043,-7.320854663848877,-15.080290206518422,1.586555002162967,97022,73609,-14.92918872833252,-17.115497589111328,-13.33846664428711
2024-12-22T00:00:00.000Z,-21.041662216186523,-7.540281772613525,-15.074478066238028,1.5033369113540433,97022,73609,-14.92307186126709,-16.98665428161621,-13.414727210998535
2025-01-03T00:00:00.000Z,-21.870410919189453,-7.177545547485352,-15.157713832133409,1.519489997500338,97022,73609,-15.011160850524902,-17.07940673828125,-13.48344612121582
2025-01-15T00:00:00.000Z,-21.372434616088867,-7.73575496673584,-15.102813187940043,1.5452765054642867,97022,73609,-14.926531791687012,-17.094369888305664,-13.403304100036621
2025-01-27T00:00:00.000Z,-20.70514488220215,-6.800014972686768,-14.886651538322896,1.4591825056248946,97022,73609,-14.716962814331055,-16.79082679748535,-13.290327072143555
2025-02-08T00:00:00.000Z,-20.475093841552734,-7.6167826652526855,-15.102272106582571,1.4090669775674627,97022,73609,-14.956562995910645,-16.899131774902344,-13.531757354736328
2025-02-20T00:00:00.000Z,-20.792512893676758,-7.727237224578857,-15.181837738540429,1.464434942544453,97022,73609,-14.995661735534668,-17.044836044311523,-13.593738555908203
2025-03-04T00:00:00.000Z,-18.57619285583496,-7.143936634063721,-12.16188190365546,0.9399977294444839,97022,73609,-12.090432167053223,-13.355317115783691,-11.046923637390137
2025-03-16T00:00:00.000Z,-18.107711791992188,-7.073277950286865,-12.148451003902853,0.9646174555654129,97022,73609,-12.073980331420898,-13.364123344421387,-11.048657417297363
2025-03-28T00:00:00.000Z,-17.699460983276367,-7.433650970458984,-12.232425693444611,0.9464226252435848,97022,73609,-12.167806625366211,-13.42774486541748,-11.135071754455566
2025-04-09T00:00:00.000Z,-17.686336517333984,-7.1097893714904785,-12.034731886252732,0.9617287361116098,97022,73609,-11.971880912780762,-13.229982376098633,-10.915574073791504
2025-04-21T00:00:00.000Z,-17.06604766845703,-6.972165107727051,-12.062911125115916,0.9693700532705832,97022,73609,-11.990851402282715,-13.304229736328125,-10.926706314086914
2025-05-03T00:00:00.000Z,-17.757781982421875,-6.658134460449219,-12.112390061025204,0.9560001593791356,97022,73609,-12.039896965026855,-13.325185775756836,-10.979318618774414
2025-05-15T00:00:00.000Z,-19.927188873291016,-7.524412155151367,-13.871800462077303,1.8184460291618836,97022,73609,-13.954078674316406,-16.113609313964844,-11.407230377197266
2025-05-27T00:00:00.000Z,-20.89292335510254,-7.173397541046143,-13.994045922162892,1.9443828322129442,97022,73609,-13.973031997680664,-16.522720336914062,-11.514610290527344
2025-06-08T00:00:00.000Z,-25.161052703857422,-5.599408149719238,-11.440893464700917,2.5627496164051733,97022,73609,-10.912338256835938,-15.166133880615234,-8.6314697265625
2025-06-20T00:00:00.000Z,-19.901994705200195,-3.801624298095703,-9.319430681803087,1.8848143817849738,97022,73609,-8.987849235534668,-11.804454803466797,-7.397164821624756
2025-07-02T00:00:00.000Z,-21.754669189453125,-4.808661460876465,-10.305588975586286,1.9281315879174894,97022,73609,-10.004839897155762,-12.748249053955078,-8.28833293914795
2025-07-14T00:00:00.000Z,-19.226852416992188,-5.459301471710205,-11.144372136041051,1.9242537732613423,97022,73609,-10.939505577087402,-13.576960563659668,-8.947260856628418
2025-07-26T00:00:00.000Z,-20.443708419799805,-5.290406227111816,-11.063051225099102,1.8539996749745378,97022,73609,-10.965367317199707,-13.371902465820312,-8.887051582336426
2025-08-07T00:00:00.000Z,-26.74531364440918,-5.754393577575684,-11.647736540742105,1.841292268837166,97022,73609,-11.618520736694336,-13.87650203704834,-9.396388053894043
2025-08-19T00:00:00.000Z,-20.279582977294922,-5.901232719421387,-11.174531847339043,1.6158975332709313,97022,73609,-11.198689460754395,-13.118219375610352,-9.132780075073242
2025-08-31T00:00:00.000Z,-25.506975173950195,-5.254759311676025,-11.519841675490925,1.9037984056516957,97022,73609,-11.527244567871094,-13.69798469543457,-9.189510345458984
2025-09-12T00:00:00.000Z,-24.647790908813477,-4.843571186065674,-10.254784186962839,1.7799509925640147,97022,73609,-10.04519271850586,-12.10519790649414,-8.487606048583984
2025-09-24T00:00:00.000Z,-25.353424072265625,-6.462003231048584,-15.148149999698298,1.8579730225345277,97022,73609,-15.408483505249023,-16.99605369567871,-12.788256645202637
2025-10-06T00:00:00.000Z,-21.205265045166016,-4.957797050476074,-9.612936319017896,1.7091595349748232,97022,73609,-9.38123607635498,-11.592903137207031,-7.847819805145264
